{"rex_staff":{"table":{"status":1,"table_name":"rex_staff","name":"Team","description":"","list_amount":50,"list_sortfield":"prio","list_sortorder":"ASC","search":0,"hidden":0,"export":1,"import":1,"mass_deletion":0,"mass_edit":0,"schema_overwrite":1,"history":0,"createdate":"0000-00-00 00:00:00","updatedate":"0000-00-00 00:00:00","createuser":"","updateuser":""},"fields":[{"table_name":"rex_staff","prio":1,"type_id":"value","type_name":"html","db_type":"none","list_hidden":0,"search":0,"name":"row_open","label":"","not_required":"","html":"<div class=\"row\">"},{"table_name":"rex_staff","prio":2,"type_id":"value","type_name":"fieldset","db_type":"none","list_hidden":0,"search":0,"name":"fieldset_about","label":"translate:staff_table_fieldset_about","not_required":"","attributes":"{\"class\":\"col-md-6\"}","options":"2"},{"table_name":"rex_staff","prio":3,"type_id":"value","type_name":"text","db_type":"varchar(191)","list_hidden":0,"search":0,"name":"fullname","label":"Name","not_required":"","default":"","no_db":"0","attributes":"","notice":"","append":"","prepend":""},{"table_name":"rex_staff","prio":4,"type_id":"value","type_name":"choice","db_type":"text","list_hidden":1,"search":0,"name":"status","label":"Ver\u00f6ffentlichung","not_required":"","multiple":"0","expanded":"0","choices":"online=1,offline=0","choice_attributes":"","default":"","no_db":"0","attributes":"","notice":"","preferred_choices":"","group_by":"","placeholder":"","group_attributes":""},{"table_name":"rex_staff","prio":5,"type_id":"value","type_name":"prio","db_type":"int","list_hidden":1,"search":0,"name":"prio","label":"Reihenfolge","not_required":"","default":"1","attributes":"","notice":"","fields":"fullname","scope":""},{"table_name":"rex_staff","prio":6,"type_id":"value","type_name":"textarea","db_type":"text","list_hidden":0,"search":0,"name":"description","label":"Beschreibung","not_required":"","default":"","no_db":"0","attributes":"{\"class\":\"form-control redactor-editor--text\"}","notice":""},{"table_name":"rex_staff","prio":7,"type_id":"value","type_name":"textarea","db_type":"text","list_hidden":1,"search":0,"name":"content","label":"Vita","not_required":"","default":"","no_db":"0","attributes":"{\"class\":\"form-control redactor-editor--text\"}","notice":""},{"table_name":"rex_staff","prio":8,"type_id":"value","type_name":"be_media","db_type":"text","list_hidden":0,"search":0,"name":"image","label":"Bild","not_required":"","multiple":"0","notice":"","types":"jpg,png","preview":"1","category":""},{"table_name":"rex_staff","prio":9,"type_id":"value","type_name":"datestamp","db_type":"datetime","list_hidden":1,"search":0,"name":"createdate","label":"Erstellt am...","not_required":"","no_db":"0","only_empty":"1","format":"Y-m-d H:i:s"},{"table_name":"rex_staff","prio":10,"type_id":"value","type_name":"datestamp","db_type":"datetime","list_hidden":1,"search":0,"name":"updatedate","label":"Zuletzt ge\u00e4ndert am...","not_required":"","no_db":"0","only_empty":"0","format":"Y-m-d H:i:s"},{"table_name":"rex_staff","prio":11,"type_id":"value","type_name":"fieldset","db_type":"none","list_hidden":0,"search":0,"name":"fieldset_vcard","label":"translate:staff_table_fieldset_vcard","not_required":"","attributes":"{\"class\":\"col-md-6\"}","options":"3"},{"table_name":"rex_staff","prio":12,"type_id":"value","type_name":"text","db_type":"varchar(191)","list_hidden":1,"search":0,"name":"company","label":"translate:staff_table_company","not_required":"","default":"","no_db":"0","attributes":"","notice":"","append":"","prepend":""},{"table_name":"rex_staff","prio":13,"type_id":"value","type_name":"text","db_type":"varchar(191)","list_hidden":1,"search":0,"name":"firstname","label":"translate:staff_table_firstname","not_required":"","default":"","no_db":"0","attributes":"","notice":"","append":"","prepend":""},{"table_name":"rex_staff","prio":14,"type_id":"value","type_name":"text","db_type":"varchar(191)","list_hidden":1,"search":0,"name":"lastname","label":"translate:staff_table_lastname","not_required":"","default":"","no_db":"0","attributes":"","notice":"","append":"","prepend":""},{"table_name":"rex_staff","prio":15,"type_id":"value","type_name":"text","db_type":"varchar(191)","list_hidden":1,"search":0,"name":"email_work","label":"translate:staff_table_email_work","not_required":"","default":"","no_db":"0","attributes":"","notice":"","append":"","prepend":""},{"table_name":"rex_staff","prio":16,"type_id":"value","type_name":"text","db_type":"varchar(191)","list_hidden":1,"search":0,"name":"email_home","label":"translate:staff_table_email_home","not_required":"","default":"","no_db":"0","attributes":"","notice":"","append":"","prepend":""},{"table_name":"rex_staff","prio":17,"type_id":"value","type_name":"text","db_type":"varchar(191)","list_hidden":1,"search":0,"name":"phone","label":"translate:staff_table_cellphone","not_required":"","default":"","no_db":"0","attributes":"","notice":"","append":"","prepend":""},{"table_name":"rex_staff","prio":18,"type_id":"value","type_name":"text","db_type":"varchar(191)","list_hidden":1,"search":0,"name":"phone_work","label":"translate:staff_table_phone_work","not_required":"","default":"","no_db":"0","attributes":"","notice":"","append":"","prepend":""},{"table_name":"rex_staff","prio":19,"type_id":"value","type_name":"text","db_type":"varchar(191)","list_hidden":1,"search":0,"name":"phone_home","label":"translate:staff_table_phone_home","not_required":"","default":"","no_db":"0","attributes":"","notice":"","append":"","prepend":""},{"table_name":"rex_staff","prio":20,"type_id":"value","type_name":"text","db_type":"varchar(191)","list_hidden":1,"search":0,"name":"url","label":"Website","not_required":"","default":"","no_db":"0","attributes":"{\"type\":\"url\"}","notice":"","append":"","prepend":""},{"table_name":"rex_staff","prio":21,"type_id":"value","type_name":"fieldset","db_type":"none","list_hidden":0,"search":0,"name":"fieldset_close","label":"","not_required":"","attributes":"","options":"0"},{"table_name":"rex_staff","prio":22,"type_id":"value","type_name":"html","db_type":"none","list_hidden":0,"search":0,"name":"row_close","label":"","not_required":"","html":"<\/div>"}]}}
